{
  "Aguillon": {
    "alpha": 42212.60232588416,
    "beta": 2169.092870390556,
    "r2": 0.38575402752366217
  },
  "Beaulieu": {
    "alpha": 45476.39105513756,
    "beta": 4463.276196924888,
    "r2": 0.5481428083421713
  },
  "Bon Rencontre": {
    "alpha": 47859.423921445545,
    "beta": 1245.4723735996954,
    "r2": 0.5241578638888679
  },
  "Brunet": {
    "alpha": 263.31728821480647,
    "beta": 3635.864436130477,
    "r2": 0.3956602379611043
  },
  "Cap Brun": {
    "alpha": 77588.40185199879,
    "beta": 2923.034676957247,
    "r2": 0.5040827968900307
  },
  "Centre-ville": {
    "alpha": 258837.48486537422,
    "beta": 1153.5532411268684,
    "r2": 0.382741064458169
  },
  "Champs-de-Mars": {
    "alpha": 110860.42990047025,
    "beta": 2354.300243516375,
    "r2": 0.5127238208085936
  },
  "Faron": {
    "alpha": 86218.2284155441,
    "beta": 774.5921950050781,
    "r2": 0.29188039344590033
  },
  "Haute-ville": {
    "alpha": 23116.685494947873,
    "beta": 1851.7807970595209,
    "r2": 0.5312402781567616
  },
  "La Chapelle": {
    "alpha": 51400.67340319138,
    "beta": 1371.1260900651187,
    "r2": 0.5281451010921616
  },
  "La Garde": {
    "alpha": 45362.35766987532,
    "beta": 1959.421171390545,
    "r2": 0.4352309474816448
  },
  "La Rode": {
    "alpha": 26256.400058233645,
    "beta": 3175.579508522905,
    "r2": 0.6343299248093329
  },
  "La Serinette": {
    "alpha": 26695.215314055356,
    "beta": 3129.85403051974,
    "r2": 0.42521184926787914
  },
  "Le Mourillon": {
    "alpha": 38527.10840586244,
    "beta": 2101.203054860411,
    "r2": 0.36803747110782614
  },
  "Le Pradet": {
    "alpha": 118796.49777341262,
    "beta": 1471.8043344472173,
    "r2": 0.35771744517147386
  },
  "Les Routes": {
    "alpha": -60500.0,
    "beta": 2833.3333333333335,
    "r2": 1.0
  },
  "Ollioules": {
    "alpha": 165048.78223697332,
    "beta": 2233.034322922263,
    "r2": 0.5036133992539948
  },
  "Pont du Las": {
    "alpha": 61376.90729803499,
    "beta": 2460.3826143126485,
    "r2": 0.45028460399891823
  },
  "Porte d'Italie": {
    "alpha": 49740.25202578216,
    "beta": 1245.7295385245527,
    "r2": 0.5541975535512172
  },
  "Saint-Antoine": {
    "alpha": 22803.694833442423,
    "beta": 2098.1691337228276,
    "r2": 0.6397337041245073
  },
  "Saint-Jean du Var": {
    "alpha": 245785.4139135959,
    "beta": 3154.029395042226,
    "r2": 0.3282138455101027
  },
  "Saint-Roch": {
    "alpha": 22998.353168820933,
    "beta": 2240.513162061738,
    "r2": 0.450929982401979
  },
  "Sainte-Musse": {
    "alpha": 40656.34863332845,
    "beta": 3499.854199609534,
    "r2": 0.46797613365624946
  },
  "Sect. DM": {
    "alpha": 95508.80442854455,
    "beta": 823.1870051773423,
    "r2": 0.1170695294574664
  },
  "Sect. DN": {
    "alpha": 84127.25150946269,
    "beta": 1279.5930793038713,
    "r2": 0.5127032742474884
  },
  "Sect. DP": {
    "alpha": 113353.47259465785,
    "beta": 1607.9748687167216,
    "r2": 0.33787157369703724
  },
  "Sect. DR": {
    "alpha": 48685.932775229245,
    "beta": 2530.228194674565,
    "r2": 0.33444365474641247
  },
  "Sect. DS": {
    "alpha": 32346.227692184795,
    "beta": 2493.6254679619883,
    "r2": 0.5185812742865025
  },
  "Sect. DT": {
    "alpha": 46941.90870827873,
    "beta": 2718.4225719342253,
    "r2": 0.5921483606197822
  },
  "Sect. DV": {
    "alpha": 64079.318416770344,
    "beta": 2396.8622991114203,
    "r2": 0.24922131865475572
  },
  "Sect. DW": {
    "alpha": 140737.1896838997,
    "beta": 1791.4629103833443,
    "r2": 0.4979460126165738
  },
  "Sect. DX": {
    "alpha": 206044.7846130823,
    "beta": 356.3017508216759,
    "r2": 0.03594630922878461
  },
  "Sect. DY": {
    "alpha": 183309.54901171633,
    "beta": 1355.614904734439,
    "r2": 0.2631029886946594
  },
  "Sect. DZ": {
    "alpha": 210572.1121578589,
    "beta": 2292.8399733136025,
    "r2": 0.42924367722156
  },
  "Sect. EH": {
    "alpha": 83460.55344680304,
    "beta": 2686.2191748612586,
    "r2": 0.6833804381227351
  },
  "Sect. EI": {
    "alpha": 155813.53219362136,
    "beta": 2082.469419252386,
    "r2": 0.48852433822202834
  },
  "Sect. EK": {
    "alpha": -140000.0,
    "beta": 6250.0,
    "r2": 1.0
  },
  "Sect. EL": {
    "alpha": 243413.2700282819,
    "beta": 2710.1680893317853,
    "r2": 0.3350524034266321
  },
  "Sect. EM": {
    "alpha": 332294.78382976755,
    "beta": 1627.4615253935901,
    "r2": 0.4096189584604808
  },
  "Sect. EO": {
    "alpha": 202547.57072294573,
    "beta": 1890.9833857207002,
    "r2": 0.08128223349897867
  },
  "Sect. EP": {
    "alpha": 230753.70228203078,
    "beta": 1371.1169055448968,
    "r2": 0.31357938237063787
  },
  "Sect. ER": {
    "alpha": 109157.25124693551,
    "beta": 1995.4301927466397,
    "r2": 0.5365655514582448
  },
  "Sect. ES": {
    "alpha": 250577.2704264593,
    "beta": 1390.9224372033202,
    "r2": 0.4596467668813893
  },
  "Sect. ET": {
    "alpha": 378429.79287978593,
    "beta": 279.8148363444711,
    "r2": 0.006963997233781383
  },
  "Sect. EV": {
    "alpha": 480791.79603464896,
    "beta": -576.9949294212408,
    "r2": 0.026909592840771657
  },
  "Sect. EW": {
    "alpha": -64101.647912913264,
    "beta": 3720.293066930287,
    "r2": 0.587702871577638
  },
  "Sect. EX": {
    "alpha": 353758.9099784881,
    "beta": 1988.7432017518452,
    "r2": 0.6144297428588017
  },
  "Sect. EY": {
    "alpha": 169412.59965097415,
    "beta": 2204.4608921228396,
    "r2": 0.5230599271630347
  },
  "Valbertrand": {
    "alpha": 48135.8156738035,
    "beta": 1661.0318492820106,
    "r2": 0.5688957484325191
  }
}